id,title,description,availability,condition,price,link,image_link,brand,item_group_id,address,availability_circle_origin,availability_circle_radius,availability_postal_codes
4,"Espresso","Café concentrado e intenso.",in stock,new,5000 COP,"https://tradicional-coffee.shop/menu#prod-4","https://tradicional-coffee.shop/images/logo.webp","Tradicional Coffee","hot","Cra. 7 #7-40, Roldanillo, Valle del Cauca, Colombia","4.4110,-76.1542","10 km","761520"
5,"Café Irlandés","Doble espresso y whisky.",in stock,new,10000 COP,"https://tradicional-coffee.shop/menu#prod-5","https://tradicional-coffee.shop/images/logo.webp","Tradicional Coffee","hot","Cra. 7 #7-40, Roldanillo, Valle del Cauca, Colombia","4.4110,-76.1542","10 km","761520"
6,"Café Moka","Espresso, chocolate, leche cremada y canela.",in stock,new,9000 COP,"https://tradicional-coffee.shop/menu#prod-6","https://tradicional-coffee.shop/images/logo.webp","Tradicional Coffee","hot","Cra. 7 #7-40, Roldanillo, Valle del Cauca, Colombia","4.4110,-76.1542","10 km","761520"
7,"Americano","Espresso sencillo con agua.",in stock,new,3500 COP,"https://tradicional-coffee.shop/menu#prod-7","https://tradicional-coffee.shop/images/logo.webp","Tradicional Coffee","hot","Cra. 7 #7-40, Roldanillo, Valle del Cauca, Colombia","4.4110,-76.1542","10 km","761520"
8,"Latte","Espresso y leche cremada.",in stock,new,5000 COP,"https://tradicional-coffee.shop/menu#prod-8","https://tradicional-coffee.shop/images/logo.webp","Tradicional Coffee","latte","Cra. 7 #7-40, Roldanillo, Valle del Cauca, Colombia","4.4110,-76.1542","10 km","761520"
9,"Latte pequeño","Versión reducida de nuestro Latte clásico.",in stock,new,4000 COP,"https://tradicional-coffee.shop/menu#prod-9","https://tradicional-coffee.shop/images/latte-pequeno.webp","Tradicional Coffee","latte","Cra. 7 #7-40, Roldanillo, Valle del Cauca, Colombia","4.4110,-76.1542","10 km","761520"
10,"Cappuccino Tradicional","1 espresso sencillo y leche cremada.",in stock,new,5000 COP,"https://tradicional-coffee.shop/menu#prod-10","https://tradicional-coffee.shop/images/capuccino.webp","Tradicional Coffee","hot","Cra. 7 #7-40, Roldanillo, Valle del Cauca, Colombia","4.4110,-76.1542","10 km","761520"
11,"Cappuccino Especial","1 espresso doble y leche cremada, con chantilly.",in stock,new,7000 COP,"https://tradicional-coffee.shop/menu#prod-11","https://tradicional-coffee.shop/images/capuccino-especial.webp","Tradicional Coffee","hot","Cra. 7 #7-40, Roldanillo, Valle del Cauca, Colombia","4.4110,-76.1542","10 km","761520"
12,"Cappuccino con licor","Expresso, leche cremada y el licor de su preferencia.",in stock,new,9000 COP,"https://tradicional-coffee.shop/menu#prod-12","https://tradicional-coffee.shop/images/capuccino.webp","Tradicional Coffee","hot","Cra. 7 #7-40, Roldanillo, Valle del Cauca, Colombia","4.4110,-76.1542","10 km","761520"
13,"Cappuccino con marshmallow","Expresso, leche cremada, crema chantilly y marshmallow.",in stock,new,9000 COP,"https://tradicional-coffee.shop/menu#prod-13","https://tradicional-coffee.shop/images/marshmallow.webp","Tradicional Coffee","hot","Cra. 7 #7-40, Roldanillo, Valle del Cauca, Colombia","4.4110,-76.1542","10 km","761520"
14,"Americano frío","Expresso doble, agua y hielo.",in stock,new,5000 COP,"https://tradicional-coffee.shop/menu#prod-14","https://tradicional-coffee.shop/images/americano-frio.webp","Tradicional Coffee","cold","Cra. 7 #7-40, Roldanillo, Valle del Cauca, Colombia","4.4110,-76.1542","10 km","761520"
15,"Latte frío","Expresso sencillo, leche y hielo.",in stock,new,8000 COP,"https://tradicional-coffee.shop/menu#prod-15","https://tradicional-coffee.shop/images/latte-frio.webp","Tradicional Coffee","latte","Cra. 7 #7-40, Roldanillo, Valle del Cauca, Colombia","4.4110,-76.1542","10 km","761520"
16,"Hielato","Leche condensada, espresso y leche espumada.",in stock,new,8000 COP,"https://tradicional-coffee.shop/menu#prod-16","https://tradicional-coffee.shop/images/hielato.webp","Tradicional Coffee","cold","Cra. 7 #7-40, Roldanillo, Valle del Cauca, Colombia","4.4110,-76.1542","10 km","761520"
17,"Aguapanela","Tradicional y refrescante.",in stock,new,2000 COP,"https://tradicional-coffee.shop/menu#prod-17","https://tradicional-coffee.shop/images/logo.webp","Tradicional Coffee","hot","Cra. 7 #7-40, Roldanillo, Valle del Cauca, Colombia","4.4110,-76.1542","10 km","761520"
18,"Aguapanela con leche","Aguapanela cremosa.",in stock,new,3500 COP,"https://tradicional-coffee.shop/menu#prod-18","https://tradicional-coffee.shop/images/logo.webp","Tradicional Coffee","hot","Cra. 7 #7-40, Roldanillo, Valle del Cauca, Colombia","4.4110,-76.1542","10 km","761520"
19,"Jugo natural en agua","Fruta natural del día.",in stock,new,6000 COP,"https://tradicional-coffee.shop/menu#prod-19","https://tradicional-coffee.shop/images/logo.webp","Tradicional Coffee","cold","Cra. 7 #7-40, Roldanillo, Valle del Cauca, Colombia","4.4110,-76.1542","10 km","761520"
20,"Jugo natural en leche","Fruta natural con leche.",in stock,new,7000 COP,"https://tradicional-coffee.shop/menu#prod-20","https://tradicional-coffee.shop/images/logo.webp","Tradicional Coffee","cold","Cra. 7 #7-40, Roldanillo, Valle del Cauca, Colombia","4.4110,-76.1542","10 km","761520"
21,"Chocolate en agua","Chocolate tradicional.",in stock,new,3000 COP,"https://tradicional-coffee.shop/menu#prod-21","https://tradicional-coffee.shop/images/logo.webp","Tradicional Coffee","hot","Cra. 7 #7-40, Roldanillo, Valle del Cauca, Colombia","4.4110,-76.1542","10 km","761520"
22,"Chocolate en leche","Chocolate cremoso.",in stock,new,4000 COP,"https://tradicional-coffee.shop/menu#prod-22","https://tradicional-coffee.shop/images/chocolate.webp","Tradicional Coffee","hot","Cra. 7 #7-40, Roldanillo, Valle del Cauca, Colombia","4.4110,-76.1542","10 km","761520"
23,"Chocolate marsmello","Chocolate caliente con malvaviscos.",in stock,new,6000 COP,"https://tradicional-coffee.shop/menu#prod-23","https://tradicional-coffee.shop/images/chocolatemars.webp","Tradicional Coffee","hot","Cra. 7 #7-40, Roldanillo, Valle del Cauca, Colombia","4.4110,-76.1542","10 km","761520"
24,"Colada (Cereza, Vainilla, Milo o Café)","Elige tu sabor favorito.",in stock,new,6000 COP,"https://tradicional-coffee.shop/menu#prod-24","https://tradicional-coffee.shop/images/colada.webp","Tradicional Coffee","hot","Cra. 7 #7-40, Roldanillo, Valle del Cauca, Colombia","4.4110,-76.1542","10 km","761520"
25,"Milo frío","Bebida achocolatada fría.",in stock,new,8000 COP,"https://tradicional-coffee.shop/menu#prod-25","https://tradicional-coffee.shop/images/milo-frio.webp","Tradicional Coffee","cold","Cra. 7 #7-40, Roldanillo, Valle del Cauca, Colombia","4.4110,-76.1542","10 km","761520"
26,"Milo caliente","Milo reconfortante.",in stock,new,5000 COP,"https://tradicional-coffee.shop/menu#prod-26","https://tradicional-coffee.shop/images/logo.webp","Tradicional Coffee","hot","Cra. 7 #7-40, Roldanillo, Valle del Cauca, Colombia","4.4110,-76.1542","10 km","761520"
27,"Milo marsmellos","Milo con malvaviscos.",in stock,new,7000 COP,"https://tradicional-coffee.shop/menu#prod-27","https://tradicional-coffee.shop/images/logo.webp","Tradicional Coffee","hot","Cra. 7 #7-40, Roldanillo, Valle del Cauca, Colombia","4.4110,-76.1542","10 km","761520"
28,"Frappe de Milo","Lo mejor del Milo, cremosidad y sabor unico.",in stock,new,12000 COP,"https://tradicional-coffee.shop/order","https://tradicional-coffee.shop/images/frappe-milo.webp","Tradicional Coffee","frappe","Cra. 7 #7-40, Roldanillo, Valle del Cauca, Colombia","4.4110,-76.1542","10 km","761520"
29,"Frappe de Café","Clásico sabor a café helado.",in stock,new,12000 COP,"https://tradicional-coffee.shop/order","https://tradicional-coffee.shop/images/frappe-cafe.webp","Tradicional Coffee","frappe","Cra. 7 #7-40, Roldanillo, Valle del Cauca, Colombia","4.4110,-76.1542","10 km","761520"
30,"Frappe de Nutella","Para los amantes del chocolate y avellana.",in stock,new,12000 COP,"https://tradicional-coffee.shop/order","https://tradicional-coffee.shop/images/frappe-nutella.webp","Tradicional Coffee","frappe","Cra. 7 #7-40, Roldanillo, Valle del Cauca, Colombia","4.4110,-76.1542","10 km","761520"
31,"Frappe de Mocca","Mezcla de café y chocolate.",in stock,new,12000 COP,"https://tradicional-coffee.shop/order","https://tradicional-coffee.shop/images/frappe-moca.webp","Tradicional Coffee","frappe","Cra. 7 #7-40, Roldanillo, Valle del Cauca, Colombia","4.4110,-76.1542","10 km","761520"
32,"Frappe de Coco Limón","Refrescante y tropical.",in stock,new,12000 COP,"https://tradicional-coffee.shop/order","https://tradicional-coffee.shop/images/frappe-coco-limon.webp","Tradicional Coffee","frappe","Cra. 7 #7-40, Roldanillo, Valle del Cauca, Colombia","4.4110,-76.1542","10 km","761520"
40,"Frappe de Oreo","Delicioso frappé con galletas Oreo y crema chantilly.",in stock,new,12000 COP,"https://tradicional-coffee.shop/order","https://tradicional-coffee.shop/images/frappe-oreo.webp","Tradicional Coffee","frappe","Cra. 7 #7-40, Roldanillo, Valle del Cauca, Colombia","4.4110,-76.1542","10 km","761520"
33,"Frappe Té Chai","Preparacion americana unica con canela y especies aromáticas.",in stock,new,15000 COP,"https://tradicional-coffee.shop/order","https://tradicional-coffee.shop/images/frappe-te-chai.webp","Tradicional Coffee","frappe","Cra. 7 #7-40, Roldanillo, Valle del Cauca, Colombia","4.4110,-76.1542","10 km","761520"
41,"Frappuccino","El sabor del frappé de café, con crema de whisky logrando un sabor unico.",in stock,new,15000 COP,"https://tradicional-coffee.shop/order","https://tradicional-coffee.shop/images/frappucchino.webp","Tradicional Coffee","frappe","Cra. 7 #7-40, Roldanillo, Valle del Cauca, Colombia","4.4110,-76.1542","10 km","761520"
34,"Limonada de Coco","Cremosa y refrescante.",in stock,new,9000 COP,"https://tradicional-coffee.shop/menu#prod-34","https://tradicional-coffee.shop/images/logo.webp","Tradicional Coffee","cold","Cra. 7 #7-40, Roldanillo, Valle del Cauca, Colombia","4.4110,-76.1542","10 km","761520"
35,"Limonada Cerezada","Refrescante sabor a cereza.",in stock,new,10000 COP,"https://tradicional-coffee.shop/menu#prod-35","https://tradicional-coffee.shop/images/limonada-cereza.webp","Tradicional Coffee","cold","Cra. 7 #7-40, Roldanillo, Valle del Cauca, Colombia","4.4110,-76.1542","10 km","761520"
36,"Tamarindo / Michelada","Jugo de tamarindo solo o michelado.",in stock,new,40006000 COP,"https://tradicional-coffee.shop/menu#prod-36","https://tradicional-coffee.shop/images/logo.webp","Tradicional Coffee","cold","Cra. 7 #7-40, Roldanillo, Valle del Cauca, Colombia","4.4110,-76.1542","10 km","761520"
37,"Cervezas (Corona, Club, Águila, Poker)","Variedad de cervezas nacionales e internacionales.",in stock,new,40007000 COP,"https://tradicional-coffee.shop/menu#prod-37","https://tradicional-coffee.shop/images/logo.webp","Tradicional Coffee","cold","Cra. 7 #7-40, Roldanillo, Valle del Cauca, Colombia","4.4110,-76.1542","10 km","761520"
38,"Torta","Porción de torta del día.",in stock,new,4000 COP,"https://tradicional-coffee.shop/menu#prod-38","https://tradicional-coffee.shop/images/torta.webp","Tradicional Coffee","dessert","Cra. 7 #7-40, Roldanillo, Valle del Cauca, Colombia","4.4110,-76.1542","10 km","761520"
39,"Cuaresmeros","Tradición local.",in stock,new,1200 COP,"https://tradicional-coffee.shop/menu#prod-39","https://tradicional-coffee.shop/images/logo.webp","Tradicional Coffee","dessert","Cra. 7 #7-40, Roldanillo, Valle del Cauca, Colombia","4.4110,-76.1542","10 km","761520"